mac_addresses, id1, id2, id3
a1:bb:cc:dd:ee:ff, 1, 2, 3
b2:bb:cc:dd:ee:ff, 1, 2, 3
c3:bb:cc:dd:ee:ff, 1, 2, 3
d4:bb:cc:dd:ee:ff, 1, 2, 3
e1:bb:cc:dd:ee:ff, 1, 2, 3
a2:bb:cc:dd:ee:ff, 1, 2, 3
a3:bb:cc:dd:ee:ff, 1, 2, 3
a4:bb:cc:dd:ee:ff, 1, 2, 3
a1:bb:cc:dd:ee:ff, 1, 2, 3
a2:bb:cc:dd:ee:ff, 1, 2, 3
a3:bb:cc:dd:ee:ff, 1, 2, 3
a4:bb:cc:dd:ee:ff, 1, 2, 3
a1:bb:cc:dd:ee:ff, 1, 2, 3
a2:bb:cc:dd:ee:ff, 1, 2, 3
a3:bb:cc:dd:ee:ff, 1, 2, 3
a4:bb:cc:dd:ee:ff, 1, 2, 3
a1:bb:cc:dd:ee:ff, 1, 2, 3
a2:bb:cc:dd:ee:ff, 1, 2, 3
a3:bb:cc:dd:ee:ff, 1, 2, 3
a4:bb:cc:dd:ee:ff, 1, 2, 3
a1:bb:cc:dd:ee:ff, 1, 2, 3
a2:bb:cc:dd:ee:ff, 1, 2, 3
a3:bb:cc:dd:ee:ff, 1, 2, 3
a4:bb:cc:dd:ee:ff, 1, 2, 3
a1:bb:cc:dd:ee:ff, 1, 2, 3
a2:bb:cc:dd:ee:ff, 1, 2, 3
a3:bb:cc:dd:ee:ff, 1, 2, 3
a4:bb:cc:dd:ee:ff, 1, 2, 3
a1:bb:cc:dd:ee:ff, 1, 2, 3
a2:bb:cc:dd:ee:ff, 1, 2, 3
a3:bb:cc:dd:ee:ff, 1, 2, 3
a4:bb:cc:dd:ee:ff, 1, 2, 3
a1:bb:cc:dd:ee:ff, 1, 2, 3
a2:bb:cc:dd:ee:ff, 1, 2, 3
a3:bb:cc:dd:ee:ff, 1, 2, 3
a4:bb:cc:dd:ee:ff, 1, 2, 3
a1:bb:cc:dd:ee:ff, 1, 2, 3
a2:bb:cc:dd:ee:ff, 1, 2, 3
a3:bb:cc:dd:ee:ff, 1, 2, 3
a4:bb:cc:dd:ee:ff, 1, 2, 3
a1:bb:cc:dd:ee:ff, 1, 2, 3
a2:bb:cc:dd:ee:ff, 1, 2, 3
a3:bb:cc:dd:ee:ff, 1, 2, 3
a4:bb:cc:dd:ee:ff, 1, 2, 3
a1:bb:cc:dd:ee:ff, 1, 2, 3
a2:bb:cc:dd:ee:ff, 1, 2, 3
a3:bb:cc:dd:ee:ff, 1, 2, 3
a4:bb:cc:dd:ee:ff, 1, 2, 3
a1:bb:cc:dd:ee:ff, 1, 2, 3
a2:bb:cc:dd:ee:ff, 1, 2, 3
a3:bb:cc:dd:ee:ff, 1, 2, 3
a4:bb:cc:dd:ee:ff, 1, 2, 3
a1:bb:cc:dd:ee:ff, 1, 2, 3
a2:bb:cc:dd:ee:ff, 1, 2, 3
a3:bb:cc:dd:ee:ff, 1, 2, 3
a4:bb:cc:dd:ee:ff, 1, 2, 3
a1:bb:cc:dd:ee:ff, 1, 2, 3
a2:bb:cc:dd:ee:ff, 1, 2, 3
a3:bb:cc:dd:ee:ff, 1, 2, 3
a4:bb:cc:dd:ee:ff, 1, 2, 3
a1:bb:cc:dd:ee:ff, 1, 2, 3
a2:bb:cc:dd:ee:ff, 1, 2, 3
a3:bb:cc:dd:ee:ff, 1, 2, 3
a4:bb:cc:dd:ee:ff, 1, 2, 3
a1:bb:cc:dd:ee:ff, 1, 2, 3
a2:bb:cc:dd:ee:ff, 1, 2, 3
a3:bb:cc:dd:ee:ff, 1, 2, 3
a4:bb:cc:dd:ee:ff, 1, 2, 3
a1:bb:cc:dd:ee:ff, 1, 2, 3
a2:bb:cc:dd:ee:ff, 1, 2, 3
a3:bb:cc:dd:ee:ff, 1, 2, 3
a4:bb:cc:dd:ee:ff, 1, 2, 3
a1:bb:cc:dd:ee:ff, 1, 2, 3
a2:bb:cc:dd:ee:ff, 1, 2, 3
a3:bb:cc:dd:ee:ff, 1, 2, 3
a4:bb:cc:dd:ee:ff, 1, 2, 3
a1:bb:cc:dd:ee:ff, 1, 2, 3
a2:bb:cc:dd:ee:ff, 1, 2, 3
a3:bb:cc:dd:ee:ff, 1, 2, 3
a4:bb:cc:dd:ee:ff, 1, 2, 3
a1:bb:cc:dd:ee:ff, 1, 2, 3
a2:bb:cc:dd:ee:ff, 1, 2, 3
a3:bb:cc:dd:ee:ff, 1, 2, 3
a4:bb:cc:dd:ee:ff, 1, 2, 3
a1:bb:cc:dd:ee:ff, 1, 2, 3
a2:bb:cc:dd:ee:ff, 1, 2, 3
a3:bb:cc:dd:ee:ff, 1, 2, 3
a4:bb:cc:dd:ee:ff, 1, 2, 3
a1:bb:cc:dd:ee:ff, 1, 2, 3
a2:bb:cc:dd:ee:ff, 1, 2, 3
a3:bb:cc:dd:ee:ff, 1, 2, 3
a4:bb:cc:dd:ee:ff, 1, 2, 3
a1:bb:cc:dd:ee:ff, 1, 2, 3
a2:bb:cc:dd:ee:ff, 1, 2, 3
a3:bb:cc:dd:ee:ff, 1, 2, 3
a4:bb:cc:dd:ee:ff, 1, 2, 3
a1:bb:cc:dd:ee:ff, 1, 2, 3
a2:bb:cc:dd:ee:ff, 1, 2, 3
a3:bb:cc:dd:ee:ff, 1, 2, 3
a4:bb:cc:dd:ee:ff, 1, 2, 3
a1:bb:cc:dd:ee:ff, 1, 2, 3
a2:bb:cc:dd:ee:ff, 1, 2, 3
a3:bb:cc:dd:ee:ff, 1, 2, 3
a4:bb:cc:dd:ee:ff, 1, 2, 3
a1:bb:cc:dd:ee:ff, 1, 2, 3
a2:bb:cc:dd:ee:ff, 1, 2, 3
a3:bb:cc:dd:ee:ff, 1, 2, 3
a4:bb:cc:dd:ee:ff, 1, 2, 3
a1:bb:cc:dd:ee:ff, 1, 2, 3
a2:bb:cc:dd:ee:ff, 1, 2, 3
a3:bb:cc:dd:ee:ff, 1, 2, 3
a4:bb:cc:dd:ee:ff, 1, 2, 3
a1:bb:cc:dd:ee:ff, 1, 2, 3
a2:bb:cc:dd:ee:ff, 1, 2, 3
a3:bb:cc:dd:ee:ff, 1, 2, 3
a4:bb:cc:dd:ee:ff, 1, 2, 3
a1:bb:cc:dd:ee:ff, 1, 2, 3
a2:bb:cc:dd:ee:ff, 1, 2, 3
a3:bb:cc:dd:ee:ff, 1, 2, 3
a4:bb:cc:dd:ee:ff, 1, 2, 3
a1:bb:cc:dd:ee:ff, 1, 2, 3
a2:bb:cc:dd:ee:ff, 1, 2, 3
a3:bb:cc:dd:ee:ff, 1, 2, 3
a4:bb:cc:dd:ee:ff, 1, 2, 3
a1:bb:cc:dd:ee:ff, 1, 2, 3
a2:bb:cc:dd:ee:ff, 1, 2, 3
a3:bb:cc:dd:ee:ff, 1, 2, 3
a4:bb:cc:dd:ee:ff, 1, 2, 3
a1:bb:cc:dd:ee:ff, 1, 2, 3
a2:bb:cc:dd:ee:ff, 1, 2, 3
a3:bb:cc:dd:ee:ff, 1, 2, 3
a4:bb:cc:dd:ee:ff, 1, 2, 3
a1:bb:cc:dd:ee:ff, 1, 2, 3
a2:bb:cc:dd:ee:ff, 1, 2, 3
a3:bb:cc:dd:ee:ff, 1, 2, 3
a4:bb:cc:dd:ee:ff, 1, 2, 3
a1:bb:cc:dd:ee:ff, 1, 2, 3
a2:bb:cc:dd:ee:ff, 1, 2, 3
a3:bb:cc:dd:ee:ff, 1, 2, 3
a4:bb:cc:dd:ee:ff, 1, 2, 3
a1:bb:cc:dd:ee:ff, 1, 2, 3
a2:bb:cc:dd:ee:ff, 1, 2, 3
a3:bb:cc:dd:ee:ff, 1, 2, 3
a4:bb:cc:dd:ee:ff, 1, 2, 3
a1:bb:cc:dd:ee:ff, 1, 2, 3
a2:bb:cc:dd:ee:ff, 1, 2, 3
a3:bb:cc:dd:ee:ff, 1, 2, 3
a4:bb:cc:dd:ee:ff, 1, 2, 3
a1:bb:cc:dd:ee:ff, 1, 2, 3
a2:bb:cc:dd:ee:ff, 1, 2, 3
a3:bb:cc:dd:ee:ff, 1, 2, 3
a4:bb:cc:dd:ee:ff, 1, 2, 3
a1:bb:cc:dd:ee:ff, 1, 2, 3
a2:bb:cc:dd:ee:ff, 1, 2, 3
a3:bb:cc:dd:ee:ff, 1, 2, 3
a4:bb:cc:dd:ee:ff, 1, 2, 3
a1:bb:cc:dd:ee:ff, 1, 2, 3
a2:bb:cc:dd:ee:ff, 1, 2, 3
a3:bb:cc:dd:ee:ff, 1, 2, 3
a4:bb:cc:dd:ee:ff, 1, 2, 3
a1:bb:cc:dd:ee:ff, 1, 2, 3
a2:bb:cc:dd:ee:ff, 1, 2, 3
a3:bb:cc:dd:ee:ff, 1, 2, 3
a4:bb:cc:dd:ee:ff, 1, 2, 3
a1:bb:cc:dd:ee:ff, 1, 2, 3
a2:bb:cc:dd:ee:ff, 1, 2, 3
a3:bb:cc:dd:ee:ff, 1, 2, 3
a4:bb:cc:dd:ee:ff, 1, 2, 3
a1:bb:cc:dd:ee:ff, 1, 2, 3
a2:bb:cc:dd:ee:ff, 1, 2, 3
a3:bb:cc:dd:ee:ff, 1, 2, 3
a4:bb:cc:dd:ee:ff, 1, 2, 3
a1:bb:cc:dd:ee:ff, 1, 2, 3
a2:bb:cc:dd:ee:ff, 1, 2, 3
a3:bb:cc:dd:ee:ff, 1, 2, 3
a4:bb:cc:dd:ee:ff, 1, 2, 3
a1:bb:cc:dd:ee:ff, 1, 2, 3
a2:bb:cc:dd:ee:ff, 1, 2, 3
a3:bb:cc:dd:ee:ff, 1, 2, 3
a4:bb:cc:dd:ee:ff, 1, 2, 3
a1:bb:cc:dd:ee:ff, 1, 2, 3
a2:bb:cc:dd:ee:ff, 1, 2, 3
a3:bb:cc:dd:ee:ff, 1, 2, 3
a4:bb:cc:dd:ee:ff, 1, 2, 3
a1:bb:cc:dd:ee:ff, 1, 2, 3
a2:bb:cc:dd:ee:ff, 1, 2, 3
a3:bb:cc:dd:ee:ff, 1, 2, 3
a4:bb:cc:dd:ee:ff, 1, 2, 3
a1:bb:cc:dd:ee:ff, 1, 2, 3
a2:bb:cc:dd:ee:ff, 1, 2, 3
a3:bb:cc:dd:ee:ff, 1, 2, 3
a4:bb:cc:dd:ee:ff, 1, 2, 3
a1:bb:cc:dd:ee:ff, 1, 2, 3
a2:bb:cc:dd:ee:ff, 1, 2, 3
a3:bb:cc:dd:ee:ff, 1, 2, 3
a4:bb:cc:dd:ee:ff, 1, 2, 3
a1:bb:cc:dd:ee:ff, 1, 2, 3
a2:bb:cc:dd:ee:ff, 1, 2, 3
a3:bb:cc:dd:ee:ff, 1, 2, 3
a4:bb:cc:dd:ee:ff, 1, 2, 3
a1:bb:cc:dd:ee:ff, 1, 2, 3
a2:bb:cc:dd:ee:ff, 1, 2, 3
a3:bb:cc:dd:ee:ff, 1, 2, 3
a4:bb:cc:dd:ee:ff, 1, 2, 3
a1:bb:cc:dd:ee:ff, 1, 2, 3
a2:bb:cc:dd:ee:ff, 1, 2, 3
a3:bb:cc:dd:ee:ff, 1, 2, 3
a4:bb:cc:dd:ee:ff, 1, 2, 3
a1:bb:cc:dd:ee:ff, 1, 2, 3
a2:bb:cc:dd:ee:ff, 1, 2, 3
a3:bb:cc:dd:ee:ff, 1, 2, 3
a4:bb:cc:dd:ee:ff, 1, 2, 3
a1:bb:cc:dd:ee:ff, 1, 2, 3
a2:bb:cc:dd:ee:ff, 1, 2, 3
a3:bb:cc:dd:ee:ff, 1, 2, 3
a4:bb:cc:dd:ee:ff, 1, 2, 3
a1:bb:cc:dd:ee:ff, 1, 2, 3
a2:bb:cc:dd:ee:ff, 1, 2, 3
a3:bb:cc:dd:ee:ff, 1, 2, 3
a4:bb:cc:dd:ee:ff, 1, 2, 3
a1:bb:cc:dd:ee:ff, 1, 2, 3
a2:bb:cc:dd:ee:ff, 1, 2, 3
a3:bb:cc:dd:ee:ff, 1, 2, 3
a4:bb:cc:dd:ee:ff, 1, 2, 3
a1:bb:cc:dd:ee:ff, 1, 2, 3
a2:bb:cc:dd:ee:ff, 1, 2, 3
a3:bb:cc:dd:ee:ff, 1, 2, 3
a4:bb:cc:dd:ee:ff, 1, 2, 3
a1:bb:cc:dd:ee:ff, 1, 2, 3
a2:bb:cc:dd:ee:ff, 1, 2, 3
a3:bb:cc:dd:ee:ff, 1, 2, 3
a4:bb:cc:dd:ee:ff, 1, 2, 3
a1:bb:cc:dd:ee:ff, 1, 2, 3
a2:bb:cc:dd:ee:ff, 1, 2, 3
a3:bb:cc:dd:ee:ff, 1, 2, 3
a4:bb:cc:dd:ee:ff, 1, 2, 3
a1:bb:cc:dd:ee:ff, 1, 2, 3
a2:bb:cc:dd:ee:ff, 1, 2, 3
a3:bb:cc:dd:ee:ff, 1, 2, 3
a4:bb:cc:dd:ee:ff, 1, 2, 3
a1:bb:cc:dd:ee:ff, 1, 2, 3
a2:bb:cc:dd:ee:ff, 1, 2, 3
a3:bb:cc:dd:ee:ff, 1, 2, 3
a4:bb:cc:dd:ee:ff, 1, 2, 3
a1:bb:cc:dd:ee:ff, 1, 2, 3
a2:bb:cc:dd:ee:ff, 1, 2, 3
a3:bb:cc:dd:ee:ff, 1, 2, 3
a4:bb:cc:dd:ee:ff, 1, 2, 3
a1:bb:cc:dd:ee:ff, 1, 2, 3
a2:bb:cc:dd:ee:ff, 1, 2, 3
a3:bb:cc:dd:ee:ff, 1, 2, 3
a4:bb:cc:dd:ee:ff, 1, 2, 3
a1:bb:cc:dd:ee:ff, 1, 2, 3
a2:bb:cc:dd:ee:ff, 1, 2, 3
a3:bb:cc:dd:ee:ff, 1, 2, 3
a4:bb:cc:dd:ee:ff, 1, 2, 3
a1:bb:cc:dd:ee:ff, 1, 2, 3
a2:bb:cc:dd:ee:ff, 1, 2, 3
a3:bb:cc:dd:ee:ff, 1, 2, 3
a4:bb:cc:dd:ee:ff, 1, 2, 3
a1:bb:cc:dd:ee:ff, 1, 2, 3
a2:bb:cc:dd:ee:ff, 1, 2, 3
a3:bb:cc:dd:ee:ff, 1, 2, 3
a4:bb:cc:dd:ee:ff, 1, 2, 3
a1:bb:cc:dd:ee:ff, 1, 2, 3
a2:bb:cc:dd:ee:ff, 1, 2, 3
a3:bb:cc:dd:ee:ff, 1, 2, 3
a4:bb:cc:dd:ee:ff, 1, 2, 3
a1:bb:cc:dd:ee:ff, 1, 2, 3
a2:bb:cc:dd:ee:ff, 1, 2, 3
a3:bb:cc:dd:ee:ff, 1, 2, 3
a4:bb:cc:dd:ee:ff, 1, 2, 3
a1:bb:cc:dd:ee:ff, 1, 2, 3
a2:bb:cc:dd:ee:ff, 1, 2, 3
a3:bb:cc:dd:ee:ff, 1, 2, 3
a4:bb:cc:dd:ee:ff, 1, 2, 3
a1:bb:cc:dd:ee:ff, 1, 2, 3
a2:bb:cc:dd:ee:ff, 1, 2, 3
a3:bb:cc:dd:ee:ff, 1, 2, 3
a4:bb:cc:dd:ee:ff, 1, 2, 3
a1:bb:cc:dd:ee:ff, 1, 2, 3
a2:bb:cc:dd:ee:ff, 1, 2, 3
a3:bb:cc:dd:ee:ff, 1, 2, 3
a4:bb:cc:dd:ee:ff, 1, 2, 3
a1:bb:cc:dd:ee:ff, 1, 2, 3
a2:bb:cc:dd:ee:ff, 1, 2, 3
a3:bb:cc:dd:ee:ff, 1, 2, 3
a4:bb:cc:dd:ee:ff, 1, 2, 3
a1:bb:cc:dd:ee:ff, 1, 2, 3
a2:bb:cc:dd:ee:ff, 1, 2, 3
a3:bb:cc:dd:ee:ff, 1, 2, 3
a4:bb:cc:dd:ee:ff, 1, 2, 3
a1:bb:cc:dd:ee:ff, 1, 2, 3
a2:bb:cc:dd:ee:ff, 1, 2, 3
a3:bb:cc:dd:ee:ff, 1, 2, 3
a4:bb:cc:dd:ee:ff, 1, 2, 3
a1:bb:cc:dd:ee:ff, 1, 2, 3
a2:bb:cc:dd:ee:ff, 1, 2, 3
a3:bb:cc:dd:ee:ff, 1, 2, 3
a4:bb:cc:dd:ee:ff, 1, 2, 3
a1:bb:cc:dd:ee:ff, 1, 2, 3
a2:bb:cc:dd:ee:ff, 1, 2, 3
a3:bb:cc:dd:ee:ff, 1, 2, 3
a4:bb:cc:dd:ee:ff, 1, 2, 3
a1:bb:cc:dd:ee:ff, 1, 2, 3
a2:bb:cc:dd:ee:ff, 1, 2, 3
a3:bb:cc:dd:ee:ff, 1, 2, 3
a4:bb:cc:dd:ee:ff, 1, 2, 3
a1:bb:cc:dd:ee:ff, 1, 2, 3
a2:bb:cc:dd:ee:ff, 1, 2, 3
a3:bb:cc:dd:ee:ff, 1, 2, 3
a4:bb:cc:dd:ee:ff, 1, 2, 3
a1:bb:cc:dd:ee:ff, 1, 2, 3
a2:bb:cc:dd:ee:ff, 1, 2, 3
a3:bb:cc:dd:ee:ff, 1, 2, 3
a4:bb:cc:dd:ee:ff, 1, 2, 3
a1:bb:cc:dd:ee:ff, 1, 2, 3
a2:bb:cc:dd:ee:ff, 1, 2, 3
a3:bb:cc:dd:ee:ff, 1, 2, 3
a4:bb:cc:dd:ee:ff, 1, 2, 3
a1:bb:cc:dd:ee:ff, 1, 2, 3
a2:bb:cc:dd:ee:ff, 1, 2, 3
a3:bb:cc:dd:ee:ff, 1, 2, 3
a4:bb:cc:dd:ee:ff, 1, 2, 3
a1:bb:cc:dd:ee:ff, 1, 2, 3
a2:bb:cc:dd:ee:ff, 1, 2, 3
a3:bb:cc:dd:ee:ff, 1, 2, 3
a4:bb:cc:dd:ee:ff, 1, 2, 3
a1:bb:cc:dd:ee:ff, 1, 2, 3
a2:bb:cc:dd:ee:ff, 1, 2, 3
a3:bb:cc:dd:ee:ff, 1, 2, 3
a4:bb:cc:dd:ee:ff, 1, 2, 3
a1:bb:cc:dd:ee:ff, 1, 2, 3
a2:bb:cc:dd:ee:ff, 1, 2, 3
a3:bb:cc:dd:ee:ff, 1, 2, 3
a4:bb:cc:dd:ee:ff, 1, 2, 3
a1:bb:cc:dd:ee:ff, 1, 2, 3
a2:bb:cc:dd:ee:ff, 1, 2, 3
a3:bb:cc:dd:ee:ff, 1, 2, 3
a4:bb:cc:dd:ee:ff, 1, 2, 3
a1:bb:cc:dd:ee:ff, 1, 2, 3
a2:bb:cc:dd:ee:ff, 1, 2, 3
a3:bb:cc:dd:ee:ff, 1, 2, 3
a4:bb:cc:dd:ee:ff, 1, 2, 3
a1:bb:cc:dd:ee:ff, 1, 2, 3
a2:bb:cc:dd:ee:ff, 1, 2, 3
a3:bb:cc:dd:ee:ff, 1, 2, 3
a4:bb:cc:dd:ee:ff, 1, 2, 3
a1:bb:cc:dd:ee:ff, 1, 2, 3
a2:bb:cc:dd:ee:ff, 1, 2, 3
a3:bb:cc:dd:ee:ff, 1, 2, 3
a4:bb:cc:dd:ee:ff, 1, 2, 3
a1:bb:cc:dd:ee:ff, 1, 2, 3
a2:bb:cc:dd:ee:ff, 1, 2, 3
a3:bb:cc:dd:ee:ff, 1, 2, 3
a4:bb:cc:dd:ee:ff, 1, 2, 3
a1:bb:cc:dd:ee:ff, 1, 2, 3
a2:bb:cc:dd:ee:ff, 1, 2, 3
a3:bb:cc:dd:ee:ff, 1, 2, 3
a4:bb:cc:dd:ee:ff, 1, 2, 3
a1:bb:cc:dd:ee:ff, 1, 2, 3
a2:bb:cc:dd:ee:ff, 1, 2, 3
a3:bb:cc:dd:ee:ff, 1, 2, 3
a4:bb:cc:dd:ee:ff, 1, 2, 3
a1:bb:cc:dd:ee:ff, 1, 2, 3
a2:bb:cc:dd:ee:ff, 1, 2, 3
a3:bb:cc:dd:ee:ff, 1, 2, 3
a4:bb:cc:dd:ee:ff, 1, 2, 3
a1:bb:cc:dd:ee:ff, 1, 2, 3
a2:bb:cc:dd:ee:ff, 1, 2, 3
a3:bb:cc:dd:ee:ff, 1, 2, 3
a4:bb:cc:dd:ee:ff, 1, 2, 3
a1:bb:cc:dd:ee:ff, 1, 2, 3
a2:bb:cc:dd:ee:ff, 1, 2, 3
a3:bb:cc:dd:ee:ff, 1, 2, 3
a4:bb:cc:dd:ee:ff, 1, 2, 3
a1:bb:cc:dd:ee:ff, 1, 2, 3
a2:bb:cc:dd:ee:ff, 1, 2, 3
a3:bb:cc:dd:ee:ff, 1, 2, 3
a4:bb:cc:dd:ee:ff, 1, 2, 3
a1:bb:cc:dd:ee:ff, 1, 2, 3
a2:bb:cc:dd:ee:ff, 1, 2, 3
a3:bb:cc:dd:ee:ff, 1, 2, 3
a4:bb:cc:dd:ee:ff, 1, 2, 3
a1:bb:cc:dd:ee:ff, 1, 2, 3
a2:bb:cc:dd:ee:ff, 1, 2, 3
a3:bb:cc:dd:ee:ff, 1, 2, 3
a4:bb:cc:dd:ee:ff, 1, 2, 3
a1:bb:cc:dd:ee:ff, 1, 2, 3
a2:bb:cc:dd:ee:ff, 1, 2, 3
a3:bb:cc:dd:ee:ff, 1, 2, 3
a4:bb:cc:dd:ee:ff, 1, 2, 3
a1:bb:cc:dd:ee:ff, 1, 2, 3
a2:bb:cc:dd:ee:ff, 1, 2, 3
a3:bb:cc:dd:ee:ff, 1, 2, 3
a4:bb:cc:dd:ee:ff, 1, 2, 3
a1:bb:cc:dd:ee:ff, 1, 2, 3
a2:bb:cc:dd:ee:ff, 1, 2, 3
a3:bb:cc:dd:ee:ff, 1, 2, 3
a4:bb:cc:dd:ee:ff, 1, 2, 3
a1:bb:cc:dd:ee:ff, 1, 2, 3
a2:bb:cc:dd:ee:ff, 1, 2, 3
a3:bb:cc:dd:ee:ff, 1, 2, 3
a4:bb:cc:dd:ee:ff, 1, 2, 3
a1:bb:cc:dd:ee:ff, 1, 2, 3
a2:bb:cc:dd:ee:ff, 1, 2, 3
a3:bb:cc:dd:ee:ff, 1, 2, 3
a4:bb:cc:dd:ee:ff, 1, 2, 3
a1:bb:cc:dd:ee:ff, 1, 2, 3
a2:bb:cc:dd:ee:ff, 1, 2, 3
a3:bb:cc:dd:ee:ff, 1, 2, 3
a4:bb:cc:dd:ee:ff, 1, 2, 3
a1:bb:cc:dd:ee:ff, 1, 2, 3
a2:bb:cc:dd:ee:ff, 1, 2, 3
a3:bb:cc:dd:ee:ff, 1, 2, 3
a4:bb:cc:dd:ee:ff, 1, 2, 3
a1:bb:cc:dd:ee:ff, 1, 2, 3
a2:bb:cc:dd:ee:ff, 1, 2, 3
a3:bb:cc:dd:ee:ff, 1, 2, 3
a4:bb:cc:dd:ee:ff, 1, 2, 3
a1:bb:cc:dd:ee:ff, 1, 2, 3
a2:bb:cc:dd:ee:ff, 1, 2, 3
a3:bb:cc:dd:ee:ff, 1, 2, 3
a4:bb:cc:dd:ee:ff, 1, 2, 3
a1:bb:cc:dd:ee:ff, 1, 2, 3
a2:bb:cc:dd:ee:ff, 1, 2, 3
a3:bb:cc:dd:ee:ff, 1, 2, 3
a4:bb:cc:dd:ee:ff, 1, 2, 3
a1:bb:cc:dd:ee:ff, 1, 2, 3
a2:bb:cc:dd:ee:ff, 1, 2, 3
a3:bb:cc:dd:ee:ff, 1, 2, 3
a4:bb:cc:dd:ee:ff, 1, 2, 3
a1:bb:cc:dd:ee:ff, 1, 2, 3
a2:bb:cc:dd:ee:ff, 1, 2, 3
a3:bb:cc:dd:ee:ff, 1, 2, 3
a4:bb:cc:dd:ee:ff, 1, 2, 3
a1:bb:cc:dd:ee:ff, 1, 2, 3
a2:bb:cc:dd:ee:ff, 1, 2, 3
a3:bb:cc:dd:ee:ff, 1, 2, 3
a4:bb:cc:dd:ee:ff, 1, 2, 3
a1:bb:cc:dd:ee:ff, 1, 2, 3
a2:bb:cc:dd:ee:ff, 1, 2, 3
a3:bb:cc:dd:ee:ff, 1, 2, 3
a4:bb:cc:dd:ee:ff, 1, 2, 3
a1:bb:cc:dd:ee:ff, 1, 2, 3
a2:bb:cc:dd:ee:ff, 1, 2, 3
a3:bb:cc:dd:ee:ff, 1, 2, 3
a4:bb:cc:dd:ee:ff, 1, 2, 3
a1:bb:cc:dd:ee:ff, 1, 2, 3
a2:bb:cc:dd:ee:ff, 1, 2, 3
a3:bb:cc:dd:ee:ff, 1, 2, 3
a4:bb:cc:dd:ee:ff, 1, 2, 3
a1:bb:cc:dd:ee:ff, 1, 2, 3
a2:bb:cc:dd:ee:ff, 1, 2, 3
a3:bb:cc:dd:ee:ff, 1, 2, 3
a4:bb:cc:dd:ee:ff, 1, 2, 3
a1:bb:cc:dd:ee:ff, 1, 2, 3
a2:bb:cc:dd:ee:ff, 1, 2, 3
a3:bb:cc:dd:ee:ff, 1, 2, 3
a4:bb:cc:dd:ee:ff, 1, 2, 3
a1:bb:cc:dd:ee:ff, 1, 2, 3
a2:bb:cc:dd:ee:ff, 1, 2, 3
a3:bb:cc:dd:ee:ff, 1, 2, 3
a4:bb:cc:dd:ee:ff, 1, 2, 3
a1:bb:cc:dd:ee:ff, 1, 2, 3
a2:bb:cc:dd:ee:ff, 1, 2, 3
a3:bb:cc:dd:ee:ff, 1, 2, 3
a4:bb:cc:dd:ee:ff, 1, 2, 3
a1:bb:cc:dd:ee:ff, 1, 2, 3
a2:bb:cc:dd:ee:ff, 1, 2, 3
a3:bb:cc:dd:ee:ff, 1, 2, 3
a4:bb:cc:dd:ee:ff, 1, 2, 3
a1:bb:cc:dd:ee:ff, 1, 2, 3
a2:bb:cc:dd:ee:ff, 1, 2, 3
a3:bb:cc:dd:ee:ff, 1, 2, 3
a4:bb:cc:dd:ee:ff, 1, 2, 3
a1:bb:cc:dd:ee:ff, 1, 2, 3
a2:bb:cc:dd:ee:ff, 1, 2, 3
a3:bb:cc:dd:ee:ff, 1, 2, 3
a4:bb:cc:dd:ee:ff, 1, 2, 3
a1:bb:cc:dd:ee:ff, 1, 2, 3
a2:bb:cc:dd:ee:ff, 1, 2, 3
a3:bb:cc:dd:ee:ff, 1, 2, 3
a4:bb:cc:dd:ee:ff, 1, 2, 3
a1:bb:cc:dd:ee:ff, 1, 2, 3
a2:bb:cc:dd:ee:ff, 1, 2, 3
a3:bb:cc:dd:ee:ff, 1, 2, 3
a4:bb:cc:dd:ee:ff, 1, 2, 3
a1:bb:cc:dd:ee:ff, 1, 2, 3
a2:bb:cc:dd:ee:ff, 1, 2, 3
a3:bb:cc:dd:ee:ff, 1, 2, 3
a4:bb:cc:dd:ee:ff, 1, 2, 3
a1:bb:cc:dd:ee:ff, 1, 2, 3
a2:bb:cc:dd:ee:ff, 1, 2, 3
a3:bb:cc:dd:ee:ff, 1, 2, 3
a4:bb:cc:dd:ee:ff, 1, 2, 3
a1:bb:cc:dd:ee:ff, 1, 2, 3
a2:bb:cc:dd:ee:ff, 1, 2, 3
a3:bb:cc:dd:ee:ff, 1, 2, 3
a4:bb:cc:dd:ee:ff, 1, 2, 3
a1:bb:cc:dd:ee:ff, 1, 2, 3
a2:bb:cc:dd:ee:ff, 1, 2, 3
a3:bb:cc:dd:ee:ff, 1, 2, 3
a4:bb:cc:dd:ee:ff, 1, 2, 3
a1:bb:cc:dd:ee:ff, 1, 2, 3
a2:bb:cc:dd:ee:ff, 1, 2, 3
a3:bb:cc:dd:ee:ff, 1, 2, 3
a4:bb:cc:dd:ee:ff, 1, 2, 3
a1:bb:cc:dd:ee:ff, 1, 2, 3
a2:bb:cc:dd:ee:ff, 1, 2, 3
a3:bb:cc:dd:ee:ff, 1, 2, 3
a4:bb:cc:dd:ee:ff, 1, 2, 3
a1:bb:cc:dd:ee:ff, 1, 2, 3
a2:bb:cc:dd:ee:ff, 1, 2, 3
a3:bb:cc:dd:ee:ff, 1, 2, 3
a4:bb:cc:dd:ee:ff, 1, 2, 3
a1:bb:cc:dd:ee:ff, 1, 2, 3
a2:bb:cc:dd:ee:ff, 1, 2, 3
a3:bb:cc:dd:ee:ff, 1, 2, 3
a4:bb:cc:dd:ee:ff, 1, 2, 3
a1:bb:cc:dd:ee:ff, 1, 2, 3
a2:bb:cc:dd:ee:ff, 1, 2, 3
a3:bb:cc:dd:ee:ff, 1, 2, 3
a4:bb:cc:dd:ee:ff, 1, 2, 3
a1:bb:cc:dd:ee:ff, 1, 2, 3
a2:bb:cc:dd:ee:ff, 1, 2, 3
a3:bb:cc:dd:ee:ff, 1, 2, 3
a4:bb:cc:dd:ee:ff, 1, 2, 3
a1:bb:cc:dd:ee:ff, 1, 2, 3
a2:bb:cc:dd:ee:ff, 1, 2, 3
a3:bb:cc:dd:ee:ff, 1, 2, 3
a4:bb:cc:dd:ee:ff, 1, 2, 3
a1:bb:cc:dd:ee:ff, 1, 2, 3
a2:bb:cc:dd:ee:ff, 1, 2, 3
a3:bb:cc:dd:ee:ff, 1, 2, 3
a4:bb:cc:dd:ee:ff, 1, 2, 3
a1:bb:cc:dd:ee:ff, 1, 2, 3
a2:bb:cc:dd:ee:ff, 1, 2, 3
a3:bb:cc:dd:ee:ff, 1, 2, 3
a4:bb:cc:dd:ee:ff, 1, 2, 3
a1:bb:cc:dd:ee:ff, 1, 2, 3
a2:bb:cc:dd:ee:ff, 1, 2, 3
a3:bb:cc:dd:ee:ff, 1, 2, 3
a4:bb:cc:dd:ee:ff, 1, 2, 3
a1:bb:cc:dd:ee:ff, 1, 2, 3
a2:bb:cc:dd:ee:ff, 1, 2, 3
a3:bb:cc:dd:ee:ff, 1, 2, 3
a4:bb:cc:dd:ee:ff, 1, 2, 3
a1:bb:cc:dd:ee:ff, 1, 2, 3
a2:bb:cc:dd:ee:ff, 1, 2, 3
a3:bb:cc:dd:ee:ff, 1, 2, 3
a4:bb:cc:dd:ee:ff, 1, 2, 3
a1:bb:cc:dd:ee:ff, 1, 2, 3
a2:bb:cc:dd:ee:ff, 1, 2, 3
a3:bb:cc:dd:ee:ff, 1, 2, 3
a4:bb:cc:dd:ee:ff, 1, 2, 3
a1:bb:cc:dd:ee:ff, 1, 2, 3
a2:bb:cc:dd:ee:ff, 1, 2, 3
a3:bb:cc:dd:ee:ff, 1, 2, 3
a4:bb:cc:dd:ee:ff, 1, 2, 3
a1:bb:cc:dd:ee:ff, 1, 2, 3
a2:bb:cc:dd:ee:ff, 1, 2, 3
a3:bb:cc:dd:ee:ff, 1, 2, 3
a4:bb:cc:dd:ee:ff, 1, 2, 3
a1:bb:cc:dd:ee:ff, 1, 2, 3
a2:bb:cc:dd:ee:ff, 1, 2, 3
a3:bb:cc:dd:ee:ff, 1, 2, 3
a4:bb:cc:dd:ee:ff, 1, 2, 3
a1:bb:cc:dd:ee:ff, 1, 2, 3
a2:bb:cc:dd:ee:ff, 1, 2, 3
a3:bb:cc:dd:ee:ff, 1, 2, 3
a4:bb:cc:dd:ee:ff, 1, 2, 3
a1:bb:cc:dd:ee:ff, 1, 2, 3
a2:bb:cc:dd:ee:ff, 1, 2, 3
a3:bb:cc:dd:ee:ff, 1, 2, 3
a4:bb:cc:dd:ee:ff, 1, 2, 3
a1:bb:cc:dd:ee:ff, 1, 2, 3
a2:bb:cc:dd:ee:ff, 1, 2, 3
a3:bb:cc:dd:ee:ff, 1, 2, 3
a4:bb:cc:dd:ee:ff, 1, 2, 3
a1:bb:cc:dd:ee:ff, 1, 2, 3
a2:bb:cc:dd:ee:ff, 1, 2, 3
a3:bb:cc:dd:ee:ff, 1, 2, 3
a4:bb:cc:dd:ee:ff, 1, 2, 3
a1:bb:cc:dd:ee:ff, 1, 2, 3
a2:bb:cc:dd:ee:ff, 1, 2, 3
a3:bb:cc:dd:ee:ff, 1, 2, 3
a4:bb:cc:dd:ee:ff, 1, 2, 3
a1:bb:cc:dd:ee:ff, 1, 2, 3
a2:bb:cc:dd:ee:ff, 1, 2, 3
a3:bb:cc:dd:ee:ff, 1, 2, 3
a4:bb:cc:dd:ee:ff, 1, 2, 3
a1:bb:cc:dd:ee:ff, 1, 2, 3
a2:bb:cc:dd:ee:ff, 1, 2, 3
a3:bb:cc:dd:ee:ff, 1, 2, 3
a4:bb:cc:dd:ee:ff, 1, 2, 3
a1:bb:cc:dd:ee:ff, 1, 2, 3
a2:bb:cc:dd:ee:ff, 1, 2, 3
a3:bb:cc:dd:ee:ff, 1, 2, 3
a4:bb:cc:dd:ee:ff, 1, 2, 3
a1:bb:cc:dd:ee:ff, 1, 2, 3
a2:bb:cc:dd:ee:ff, 1, 2, 3
a3:bb:cc:dd:ee:ff, 1, 2, 3
a4:bb:cc:dd:ee:ff, 1, 2, 3
a1:bb:cc:dd:ee:ff, 1, 2, 3
a2:bb:cc:dd:ee:ff, 1, 2, 3
a3:bb:cc:dd:ee:ff, 1, 2, 3
a4:bb:cc:dd:ee:ff, 1, 2, 3
a1:bb:cc:dd:ee:ff, 1, 2, 3
a2:bb:cc:dd:ee:ff, 1, 2, 3
a3:bb:cc:dd:ee:ff, 1, 2, 3
a4:bb:cc:dd:ee:ff, 1, 2, 3
a1:bb:cc:dd:ee:ff, 1, 2, 3
a2:bb:cc:dd:ee:ff, 1, 2, 3
a3:bb:cc:dd:ee:ff, 1, 2, 3
a4:bb:cc:dd:ee:ff, 1, 2, 3
a1:bb:cc:dd:ee:ff, 1, 2, 3
a2:bb:cc:dd:ee:ff, 1, 2, 3
a3:bb:cc:dd:ee:ff, 1, 2, 3
a4:bb:cc:dd:ee:ff, 1, 2, 3
a1:bb:cc:dd:ee:ff, 1, 2, 3
a2:bb:cc:dd:ee:ff, 1, 2, 3
a3:bb:cc:dd:ee:ff, 1, 2, 3
a4:bb:cc:dd:ee:ff, 1, 2, 3
a1:bb:cc:dd:ee:ff, 1, 2, 3
a2:bb:cc:dd:ee:ff, 1, 2, 3
a3:bb:cc:dd:ee:ff, 1, 2, 3
a4:bb:cc:dd:ee:ff, 1, 2, 3
a1:bb:cc:dd:ee:ff, 1, 2, 3
a2:bb:cc:dd:ee:ff, 1, 2, 3
a3:bb:cc:dd:ee:ff, 1, 2, 3
a4:bb:cc:dd:ee:ff, 1, 2, 3
a1:bb:cc:dd:ee:ff, 1, 2, 3
a2:bb:cc:dd:ee:ff, 1, 2, 3
a3:bb:cc:dd:ee:ff, 1, 2, 3
a4:bb:cc:dd:ee:ff, 1, 2, 3
a1:bb:cc:dd:ee:ff, 1, 2, 3
a2:bb:cc:dd:ee:ff, 1, 2, 3
a3:bb:cc:dd:ee:ff, 1, 2, 3
a4:bb:cc:dd:ee:ff, 1, 2, 3
a1:bb:cc:dd:ee:ff, 1, 2, 3
a2:bb:cc:dd:ee:ff, 1, 2, 3
a3:bb:cc:dd:ee:ff, 1, 2, 3
a4:bb:cc:dd:ee:ff, 1, 2, 3
a1:bb:cc:dd:ee:ff, 1, 2, 3
a2:bb:cc:dd:ee:ff, 1, 2, 3
a3:bb:cc:dd:ee:ff, 1, 2, 3
a4:bb:cc:dd:ee:ff, 1, 2, 3
a1:bb:cc:dd:ee:ff, 1, 2, 3
a2:bb:cc:dd:ee:ff, 1, 2, 3
a3:bb:cc:dd:ee:ff, 1, 2, 3
a4:bb:cc:dd:ee:ff, 1, 2, 3
a1:bb:cc:dd:ee:ff, 1, 2, 3
a2:bb:cc:dd:ee:ff, 1, 2, 3
a3:bb:cc:dd:ee:ff, 1, 2, 3
a4:bb:cc:dd:ee:ff, 1, 2, 3
a1:bb:cc:dd:ee:ff, 1, 2, 3
a2:bb:cc:dd:ee:ff, 1, 2, 3
a3:bb:cc:dd:ee:ff, 1, 2, 3
a4:bb:cc:dd:ee:ff, 1, 2, 3
a1:bb:cc:dd:ee:ff, 1, 2, 3
a2:bb:cc:dd:ee:ff, 1, 2, 3
a3:bb:cc:dd:ee:ff, 1, 2, 3
a4:bb:cc:dd:ee:ff, 1, 2, 3
a1:bb:cc:dd:ee:ff, 1, 2, 3
a2:bb:cc:dd:ee:ff, 1, 2, 3
a3:bb:cc:dd:ee:ff, 1, 2, 3
a4:bb:cc:dd:ee:ff, 1, 2, 3
a1:bb:cc:dd:ee:ff, 1, 2, 3
a2:bb:cc:dd:ee:ff, 1, 2, 3
a3:bb:cc:dd:ee:ff, 1, 2, 3
a4:bb:cc:dd:ee:ff, 1, 2, 3
a1:bb:cc:dd:ee:ff, 1, 2, 3
a2:bb:cc:dd:ee:ff, 1, 2, 3
a3:bb:cc:dd:ee:ff, 1, 2, 3
a4:bb:cc:dd:ee:ff, 1, 2, 3
a1:bb:cc:dd:ee:ff, 1, 2, 3
a2:bb:cc:dd:ee:ff, 1, 2, 3
a3:bb:cc:dd:ee:ff, 1, 2, 3
a4:bb:cc:dd:ee:ff, 1, 2, 3
a1:bb:cc:dd:ee:ff, 1, 2, 3
a2:bb:cc:dd:ee:ff, 1, 2, 3
a3:bb:cc:dd:ee:ff, 1, 2, 3
a4:bb:cc:dd:ee:ff, 1, 2, 3
a1:bb:cc:dd:ee:ff, 1, 2, 3
a2:bb:cc:dd:ee:ff, 1, 2, 3
a3:bb:cc:dd:ee:ff, 1, 2, 3
a4:bb:cc:dd:ee:ff, 1, 2, 3
a1:bb:cc:dd:ee:ff, 1, 2, 3
a2:bb:cc:dd:ee:ff, 1, 2, 3
a3:bb:cc:dd:ee:ff, 1, 2, 3
a4:bb:cc:dd:ee:ff, 1, 2, 3
a1:bb:cc:dd:ee:ff, 1, 2, 3
a2:bb:cc:dd:ee:ff, 1, 2, 3
a3:bb:cc:dd:ee:ff, 1, 2, 3
a4:bb:cc:dd:ee:ff, 1, 2, 3
a1:bb:cc:dd:ee:ff, 1, 2, 3
a2:bb:cc:dd:ee:ff, 1, 2, 3
a3:bb:cc:dd:ee:ff, 1, 2, 3
a4:bb:cc:dd:ee:ff, 1, 2, 3
a1:bb:cc:dd:ee:ff, 1, 2, 3
a2:bb:cc:dd:ee:ff, 1, 2, 3
a3:bb:cc:dd:ee:ff, 1, 2, 3
a4:bb:cc:dd:ee:ff, 1, 2, 3
a1:bb:cc:dd:ee:ff, 1, 2, 3
a2:bb:cc:dd:ee:ff, 1, 2, 3
a3:bb:cc:dd:ee:ff, 1, 2, 3
a4:bb:cc:dd:ee:ff, 1, 2, 3
a1:bb:cc:dd:ee:ff, 1, 2, 3
a2:bb:cc:dd:ee:ff, 1, 2, 3
a3:bb:cc:dd:ee:ff, 1, 2, 3
a4:bb:cc:dd:ee:ff, 1, 2, 3
a1:bb:cc:dd:ee:ff, 1, 2, 3
a2:bb:cc:dd:ee:ff, 1, 2, 3
a3:bb:cc:dd:ee:ff, 1, 2, 3
a4:bb:cc:dd:ee:ff, 1, 2, 3
a1:bb:cc:dd:ee:ff, 1, 2, 3
a2:bb:cc:dd:ee:ff, 1, 2, 3
a3:bb:cc:dd:ee:ff, 1, 2, 3
a4:bb:cc:dd:ee:ff, 1, 2, 3
a1:bb:cc:dd:ee:ff, 1, 2, 3
a2:bb:cc:dd:ee:ff, 1, 2, 3
a3:bb:cc:dd:ee:ff, 1, 2, 3
a4:bb:cc:dd:ee:ff, 1, 2, 3
a1:bb:cc:dd:ee:ff, 1, 2, 3
a2:bb:cc:dd:ee:ff, 1, 2, 3
a3:bb:cc:dd:ee:ff, 1, 2, 3
a4:bb:cc:dd:ee:ff, 1, 2, 3
a1:bb:cc:dd:ee:ff, 1, 2, 3
a2:bb:cc:dd:ee:ff, 1, 2, 3
a3:bb:cc:dd:ee:ff, 1, 2, 3
a4:bb:cc:dd:ee:ff, 1, 2, 3
a1:bb:cc:dd:ee:ff, 1, 2, 3
a2:bb:cc:dd:ee:ff, 1, 2, 3
a3:bb:cc:dd:ee:ff, 1, 2, 3
a4:bb:cc:dd:ee:ff, 1, 2, 3
a1:bb:cc:dd:ee:ff, 1, 2, 3
a2:bb:cc:dd:ee:ff, 1, 2, 3
a3:bb:cc:dd:ee:ff, 1, 2, 3
a4:bb:cc:dd:ee:ff, 1, 2, 3
a1:bb:cc:dd:ee:ff, 1, 2, 3
a2:bb:cc:dd:ee:ff, 1, 2, 3
a3:bb:cc:dd:ee:ff, 1, 2, 3
a4:bb:cc:dd:ee:ff, 1, 2, 3
a1:bb:cc:dd:ee:ff, 1, 2, 3
a2:bb:cc:dd:ee:ff, 1, 2, 3
a3:bb:cc:dd:ee:ff, 1, 2, 3
a4:bb:cc:dd:ee:ff, 1, 2, 3
a1:bb:cc:dd:ee:ff, 1, 2, 3
a2:bb:cc:dd:ee:ff, 1, 2, 3
a3:bb:cc:dd:ee:ff, 1, 2, 3
a4:bb:cc:dd:ee:ff, 1, 2, 3
a1:bb:cc:dd:ee:ff, 1, 2, 3
a2:bb:cc:dd:ee:ff, 1, 2, 3
a3:bb:cc:dd:ee:ff, 1, 2, 3
a4:bb:cc:dd:ee:ff, 1, 2, 3
a1:bb:cc:dd:ee:ff, 1, 2, 3
a2:bb:cc:dd:ee:ff, 1, 2, 3
a3:bb:cc:dd:ee:ff, 1, 2, 3
a4:bb:cc:dd:ee:ff, 1, 2, 3
a1:bb:cc:dd:ee:ff, 1, 2, 3
a2:bb:cc:dd:ee:ff, 1, 2, 3
a3:bb:cc:dd:ee:ff, 1, 2, 3
a4:bb:cc:dd:ee:ff, 1, 2, 3
a1:bb:cc:dd:ee:ff, 1, 2, 3
a2:bb:cc:dd:ee:ff, 1, 2, 3
a3:bb:cc:dd:ee:ff, 1, 2, 3
a4:bb:cc:dd:ee:ff, 1, 2, 3
a1:bb:cc:dd:ee:ff, 1, 2, 3
a2:bb:cc:dd:ee:ff, 1, 2, 3
a3:bb:cc:dd:ee:ff, 1, 2, 3
a4:bb:cc:dd:ee:ff, 1, 2, 3
a1:bb:cc:dd:ee:ff, 1, 2, 3
a2:bb:cc:dd:ee:ff, 1, 2, 3
a3:bb:cc:dd:ee:ff, 1, 2, 3
a4:bb:cc:dd:ee:ff, 1, 2, 3
a1:bb:cc:dd:ee:ff, 1, 2, 3
a2:bb:cc:dd:ee:ff, 1, 2, 3
a3:bb:cc:dd:ee:ff, 1, 2, 3
a4:bb:cc:dd:ee:ff, 1, 2, 3
a1:bb:cc:dd:ee:ff, 1, 2, 3
a2:bb:cc:dd:ee:ff, 1, 2, 3
a3:bb:cc:dd:ee:ff, 1, 2, 3
a4:bb:cc:dd:ee:ff, 1, 2, 3
a1:bb:cc:dd:ee:ff, 1, 2, 3
a2:bb:cc:dd:ee:ff, 1, 2, 3
a3:bb:cc:dd:ee:ff, 1, 2, 3
a4:bb:cc:dd:ee:ff, 1, 2, 3
a1:bb:cc:dd:ee:ff, 1, 2, 3
a2:bb:cc:dd:ee:ff, 1, 2, 3
a3:bb:cc:dd:ee:ff, 1, 2, 3
a4:bb:cc:dd:ee:ff, 1, 2, 3
a1:bb:cc:dd:ee:ff, 1, 2, 3
a2:bb:cc:dd:ee:ff, 1, 2, 3
a3:bb:cc:dd:ee:ff, 1, 2, 3
a4:bb:cc:dd:ee:ff, 1, 2, 3
a1:bb:cc:dd:ee:ff, 1, 2, 3
a2:bb:cc:dd:ee:ff, 1, 2, 3
a3:bb:cc:dd:ee:ff, 1, 2, 3
a4:bb:cc:dd:ee:ff, 1, 2, 3
a1:bb:cc:dd:ee:ff, 1, 2, 3
a2:bb:cc:dd:ee:ff, 1, 2, 3
a3:bb:cc:dd:ee:ff, 1, 2, 3
a4:bb:cc:dd:ee:ff, 1, 2, 3
a1:bb:cc:dd:ee:ff, 1, 2, 3
a2:bb:cc:dd:ee:ff, 1, 2, 3
a3:bb:cc:dd:ee:ff, 1, 2, 3
a4:bb:cc:dd:ee:ff, 1, 2, 3
a1:bb:cc:dd:ee:ff, 1, 2, 3
a2:bb:cc:dd:ee:ff, 1, 2, 3
a3:bb:cc:dd:ee:ff, 1, 2, 3
a4:bb:cc:dd:ee:ff, 1, 2, 3
a1:bb:cc:dd:ee:ff, 1, 2, 3
a2:bb:cc:dd:ee:ff, 1, 2, 3
a3:bb:cc:dd:ee:ff, 1, 2, 3
a4:bb:cc:dd:ee:ff, 1, 2, 3
a1:bb:cc:dd:ee:ff, 1, 2, 3
a2:bb:cc:dd:ee:ff, 1, 2, 3
a3:bb:cc:dd:ee:ff, 1, 2, 3
a4:bb:cc:dd:ee:ff, 1, 2, 3
a1:bb:cc:dd:ee:ff, 1, 2, 3
a2:bb:cc:dd:ee:ff, 1, 2, 3
a3:bb:cc:dd:ee:ff, 1, 2, 3
a4:bb:cc:dd:ee:ff, 1, 2, 3
a1:bb:cc:dd:ee:ff, 1, 2, 3
a2:bb:cc:dd:ee:ff, 1, 2, 3
a3:bb:cc:dd:ee:ff, 1, 2, 3
a4:bb:cc:dd:ee:ff, 1, 2, 3
a1:bb:cc:dd:ee:ff, 1, 2, 3
a2:bb:cc:dd:ee:ff, 1, 2, 3
a3:bb:cc:dd:ee:ff, 1, 2, 3
a4:bb:cc:dd:ee:ff, 1, 2, 3
a1:bb:cc:dd:ee:ff, 1, 2, 3
a2:bb:cc:dd:ee:ff, 1, 2, 3
a3:bb:cc:dd:ee:ff, 1, 2, 3
a4:bb:cc:dd:ee:ff, 1, 2, 3
a1:bb:cc:dd:ee:ff, 1, 2, 3
a2:bb:cc:dd:ee:ff, 1, 2, 3
a3:bb:cc:dd:ee:ff, 1, 2, 3
a4:bb:cc:dd:ee:ff, 1, 2, 3
a1:bb:cc:dd:ee:ff, 1, 2, 3
a2:bb:cc:dd:ee:ff, 1, 2, 3
a3:bb:cc:dd:ee:ff, 1, 2, 3
a4:bb:cc:dd:ee:ff, 1, 2, 3
a1:bb:cc:dd:ee:ff, 1, 2, 3
a2:bb:cc:dd:ee:ff, 1, 2, 3
a3:bb:cc:dd:ee:ff, 1, 2, 3
a4:bb:cc:dd:ee:ff, 1, 2, 3
a1:bb:cc:dd:ee:ff, 1, 2, 3
a2:bb:cc:dd:ee:ff, 1, 2, 3
a3:bb:cc:dd:ee:ff, 1, 2, 3
a4:bb:cc:dd:ee:ff, 1, 2, 3
a1:bb:cc:dd:ee:ff, 1, 2, 3
a2:bb:cc:dd:ee:ff, 1, 2, 3
a3:bb:cc:dd:ee:ff, 1, 2, 3
a4:bb:cc:dd:ee:ff, 1, 2, 3
a1:bb:cc:dd:ee:ff, 1, 2, 3
a2:bb:cc:dd:ee:ff, 1, 2, 3
a3:bb:cc:dd:ee:ff, 1, 2, 3
a4:bb:cc:dd:ee:ff, 1, 2, 3
a1:bb:cc:dd:ee:ff, 1, 2, 3
a2:bb:cc:dd:ee:ff, 1, 2, 3
a3:bb:cc:dd:ee:ff, 1, 2, 3
a4:bb:cc:dd:ee:ff, 1, 2, 3
a1:bb:cc:dd:ee:ff, 1, 2, 3
a2:bb:cc:dd:ee:ff, 1, 2, 3
a3:bb:cc:dd:ee:ff, 1, 2, 3
a4:bb:cc:dd:ee:ff, 1, 2, 3
a1:bb:cc:dd:ee:ff, 1, 2, 3
a2:bb:cc:dd:ee:ff, 1, 2, 3
a3:bb:cc:dd:ee:ff, 1, 2, 3
a4:bb:cc:dd:ee:ff, 1, 2, 3
a1:bb:cc:dd:ee:ff, 1, 2, 3
a2:bb:cc:dd:ee:ff, 1, 2, 3
a3:bb:cc:dd:ee:ff, 1, 2, 3
a4:bb:cc:dd:ee:ff, 1, 2, 3
a1:bb:cc:dd:ee:ff, 1, 2, 3
a2:bb:cc:dd:ee:ff, 1, 2, 3
a3:bb:cc:dd:ee:ff, 1, 2, 3
a4:bb:cc:dd:ee:ff, 1, 2, 3
a1:bb:cc:dd:ee:ff, 1, 2, 3
a2:bb:cc:dd:ee:ff, 1, 2, 3
a3:bb:cc:dd:ee:ff, 1, 2, 3
a4:bb:cc:dd:ee:ff, 1, 2, 3
a1:bb:cc:dd:ee:ff, 1, 2, 3
a2:bb:cc:dd:ee:ff, 1, 2, 3
a3:bb:cc:dd:ee:ff, 1, 2, 3
a4:bb:cc:dd:ee:ff, 1, 2, 3
a1:bb:cc:dd:ee:ff, 1, 2, 3
a2:bb:cc:dd:ee:ff, 1, 2, 3
a3:bb:cc:dd:ee:ff, 1, 2, 3
a4:bb:cc:dd:ee:ff, 1, 2, 3
a1:bb:cc:dd:ee:ff, 1, 2, 3
a2:bb:cc:dd:ee:ff, 1, 2, 3
a3:bb:cc:dd:ee:ff, 1, 2, 3
a4:bb:cc:dd:ee:ff, 1, 2, 3
a1:bb:cc:dd:ee:ff, 1, 2, 3
a2:bb:cc:dd:ee:ff, 1, 2, 3
a3:bb:cc:dd:ee:ff, 1, 2, 3
a4:bb:cc:dd:ee:ff, 1, 2, 3
a1:bb:cc:dd:ee:ff, 1, 2, 3
a2:bb:cc:dd:ee:ff, 1, 2, 3
a3:bb:cc:dd:ee:ff, 1, 2, 3
a4:bb:cc:dd:ee:ff, 1, 2, 3
a1:bb:cc:dd:ee:ff, 1, 2, 3
a2:bb:cc:dd:ee:ff, 1, 2, 3
a3:bb:cc:dd:ee:ff, 1, 2, 3
a4:bb:cc:dd:ee:ff, 1, 2, 3
a1:bb:cc:dd:ee:ff, 1, 2, 3
a2:bb:cc:dd:ee:ff, 1, 2, 3
a3:bb:cc:dd:ee:ff, 1, 2, 3
a4:bb:cc:dd:ee:ff, 1, 2, 3
a1:bb:cc:dd:ee:ff, 1, 2, 3
a2:bb:cc:dd:ee:ff, 1, 2, 3
a3:bb:cc:dd:ee:ff, 1, 2, 3
a4:bb:cc:dd:ee:ff, 1, 2, 3
a1:bb:cc:dd:ee:ff, 1, 2, 3
a2:bb:cc:dd:ee:ff, 1, 2, 3
a3:bb:cc:dd:ee:ff, 1, 2, 3
a4:bb:cc:dd:ee:ff, 1, 2, 3
a1:bb:cc:dd:ee:ff, 1, 2, 3
a2:bb:cc:dd:ee:ff, 1, 2, 3
a3:bb:cc:dd:ee:ff, 1, 2, 3
a4:bb:cc:dd:ee:ff, 1, 2, 3
a1:bb:cc:dd:ee:ff, 1, 2, 3
a2:bb:cc:dd:ee:ff, 1, 2, 3
a3:bb:cc:dd:ee:ff, 1, 2, 3
a4:bb:cc:dd:ee:ff, 1, 2, 3
a1:bb:cc:dd:ee:ff, 1, 2, 3
a2:bb:cc:dd:ee:ff, 1, 2, 3
a3:bb:cc:dd:ee:ff, 1, 2, 3
a4:bb:cc:dd:ee:ff, 1, 2, 3
a1:bb:cc:dd:ee:ff, 1, 2, 3
a2:bb:cc:dd:ee:ff, 1, 2, 3
a3:bb:cc:dd:ee:ff, 1, 2, 3
a4:bb:cc:dd:ee:ff, 1, 2, 3
a1:bb:cc:dd:ee:ff, 1, 2, 3
a2:bb:cc:dd:ee:ff, 1, 2, 3
a3:bb:cc:dd:ee:ff, 1, 2, 3
a4:bb:cc:dd:ee:ff, 1, 2, 3
a1:bb:cc:dd:ee:ff, 1, 2, 3
a2:bb:cc:dd:ee:ff, 1, 2, 3
a3:bb:cc:dd:ee:ff, 1, 2, 3
a4:bb:cc:dd:ee:ff, 1, 2, 3
a1:bb:cc:dd:ee:ff, 1, 2, 3
a2:bb:cc:dd:ee:ff, 1, 2, 3
a3:bb:cc:dd:ee:ff, 1, 2, 3
a4:bb:cc:dd:ee:ff, 1, 2, 3
a1:bb:cc:dd:ee:ff, 1, 2, 3
a2:bb:cc:dd:ee:ff, 1, 2, 3
a3:bb:cc:dd:ee:ff, 1, 2, 3
a4:bb:cc:dd:ee:ff, 1, 2, 3
a1:bb:cc:dd:ee:ff, 1, 2, 3
a2:bb:cc:dd:ee:ff, 1, 2, 3
a3:bb:cc:dd:ee:ff, 1, 2, 3
a4:bb:cc:dd:ee:ff, 1, 2, 3
a1:bb:cc:dd:ee:ff, 1, 2, 3
a2:bb:cc:dd:ee:ff, 1, 2, 3
a3:bb:cc:dd:ee:ff, 1, 2, 3
a4:bb:cc:dd:ee:ff, 1, 2, 3
a1:bb:cc:dd:ee:ff, 1, 2, 3
a2:bb:cc:dd:ee:ff, 1, 2, 3
a3:bb:cc:dd:ee:ff, 1, 2, 3
a4:bb:cc:dd:ee:ff, 1, 2, 3
a1:bb:cc:dd:ee:ff, 1, 2, 3
a2:bb:cc:dd:ee:ff, 1, 2, 3
a3:bb:cc:dd:ee:ff, 1, 2, 3
a4:bb:cc:dd:ee:ff, 1, 2, 3
a1:bb:cc:dd:ee:ff, 1, 2, 3
a2:bb:cc:dd:ee:ff, 1, 2, 3
a3:bb:cc:dd:ee:ff, 1, 2, 3
a4:bb:cc:dd:ee:ff, 1, 2, 3
a1:bb:cc:dd:ee:ff, 1, 2, 3
a2:bb:cc:dd:ee:ff, 1, 2, 3
a3:bb:cc:dd:ee:ff, 1, 2, 3
a4:bb:cc:dd:ee:ff, 1, 2, 3
a1:bb:cc:dd:ee:ff, 1, 2, 3
a2:bb:cc:dd:ee:ff, 1, 2, 3
a3:bb:cc:dd:ee:ff, 1, 2, 3
a4:bb:cc:dd:ee:ff, 1, 2, 3
a1:bb:cc:dd:ee:ff, 1, 2, 3
a2:bb:cc:dd:ee:ff, 1, 2, 3
a3:bb:cc:dd:ee:ff, 1, 2, 3
a4:bb:cc:dd:ee:ff, 1, 2, 3
a1:bb:cc:dd:ee:ff, 1, 2, 3
a2:bb:cc:dd:ee:ff, 1, 2, 3
a3:bb:cc:dd:ee:ff, 1, 2, 3
a4:bb:cc:dd:ee:ff, 1, 2, 3
a1:bb:cc:dd:ee:ff, 1, 2, 3
a2:bb:cc:dd:ee:ff, 1, 2, 3
a3:bb:cc:dd:ee:ff, 1, 2, 3
a4:bb:cc:dd:ee:ff, 1, 2, 3
a1:bb:cc:dd:ee:ff, 1, 2, 3
a2:bb:cc:dd:ee:ff, 1, 2, 3
a3:bb:cc:dd:ee:ff, 1, 2, 3
a4:bb:cc:dd:ee:ff, 1, 2, 3
a1:bb:cc:dd:ee:ff, 1, 2, 3
a2:bb:cc:dd:ee:ff, 1, 2, 3
a3:bb:cc:dd:ee:ff, 1, 2, 3
a4:bb:cc:dd:ee:ff, 1, 2, 3
